0,structured prediction
1,spectral methods
2,syntax
3,markov decision processes
4,sentiment analysis
5,planning
6,calculus
7,shallow parsing
8,harmonic functions
9,language identification
10,semi-supervised learning
11,dialog systems
12,event detection
13,cky parsing
14,a* search
15,automated essay scoring
16,matrix multiplication
17,neural turing machine
18,graph theory
19,semantic parsing
20,statistical machine translation
21,greedy algorithms
22,parts of speech
23,context sensitive grammar
24,genetic algorithms
25,transfer learning
26,structured learning
27,named entity recognition
28,lexical semantics
29,collaborative filtering
30,bias-variance
31,mathematical models
32,generative adversarial networks
33,bag of words model
34,gradient descent
35,convolutional neural network
36,entropy
37,question answering
38,toolkits for information retrieval
39,speech processing
40,discourse analysis
41,q learning
42,prosody
43,bagging
44,domain adaptation
45,transliteration
46,document ranking
47,programming languages
48,facial recognition systems
49,particle filter
50,combinatory categorial grammar
51,evaluation of information retrieval
52,structured sparsity
53,one-shot learning
54,others
55,theory of computation
56,paraphrasing
57,search
58,multi-modal learning
59,uncertainty
60,chat bots
61,information theory
62,multi-task learning
63,inference
64,long short term memory networks
65,robotics
66,reinforcement learning
67,social network extraction
68,learning
69,social media analysis
70,perceptron
71,sentence simplification
72,recursive neural networks
73,probabilities
74,variational bayes models
75,monte carlo tree search
76,recursive neural network
77,data structures
78,informed search
79,seq2seq
80,feature learning
81,conditional probability
82,bayesian network
83,decision trees
84,problem solving and search
85,hidden markov models
86,optimization
87,tokenization
88,generative and discriminative models
89,crawling the web
90,speech recognition
91,predicate logic
92,object detection
93,gibbs sampling
94,maximum likelihood estimation
95,random forest
96,wordnet
97,beam search
98,regularization
99,bidirectional recurrent neural networks
100,tree adjoining grammar
101,robotic locomotion
102,classification
103,finite state transducers
104,computer vision
105,stemming
106,context free grammar
107,radial basis function network
108,random walks
109,dual decomposition
110,constraint satisfaction
111,syntaxnet
112,k-nn
113,variational autoencoders
114,knowledge graph
115,normalization
116,recurrent neural networks
117,text summarization
118,bootstrapping
119,bayes theorem
120,capsule networks
121,text similarity
122,backpropagation
123,imagenet
124,logic and reasoning
125,search engine indexing
126,part of speech tagging
127,n-gram models
128,search engines
129,activation functions
130,machine translation
131,context-sensitive grammars
132,heuristic search
133,highway networks
134,earley parsing
135,newton method
136,reading comprehension
137,ensemble learning
138,word embedding
139,latent dirichlet allocation
140,python
141,kernel function
142,log-linear models
143,semi supervised learning
144,parsing
145,convolutional neural networks
146,spectral clustering
147,regular expressions
148,logistic regression
149,data structures and algorithms
150,expert systems
151,linear programming
152,weakly-supervised learning
153,information retrieval
154,monte carlo methods
155,topic modeling
156,neural machine translation
157,k means
158,penn treebank
159,citation networks
160,lexicography
161,latent variable models
162,text generation
163,computation theory
164,bio text mining
165,recommendation system
166,edit distance
167,preprocessing
168,context free grammars
169,probabilistic context free grammars
170,neural networks
171,handwriting recognition
172,gated recurrent units
173,dimensionality reduction
174,clustering
175,speech synthesis
176,relation extraction
177,markov chain monte carlo
178,phonetics
179,first order logic
180,matrix factorization
181,feature selection
182,tsne
183,language modeling
184,text mining
185,graphical models
186,semantic similarity
187,noisy channel model
188,pagerank
189,query expansion
190,word segmentation
191,dynamic programming
192,the ibm models
193,linear algebra
194,autonomous cars
195,word sense disambiguation
196,semantic role labeling
197,cross entropy
198,finite state machines
199,chomsky hierarchy
200,dependency syntax
201,grammar checker
202,information extraction
203,linear discriminant analysis
204,adversarial search
205,propositional logic
206,natural language processing intro
207,image retrieval
208,loss function
209,kernels
210,policy gradient methods
211,latent semantic indexing
212,shift-reduce parsing
213,first-order logic
214,multi-agent systems
215,support vector machines
216,linear regression
217,knowledge representation
218,expectation maximization algorithm
219,entailment
220,kullback leibler divergence
221,singular value decomposition
222,Markov Random Fields
223,Variable Elimination
224,Message Passing
225,State Space Models
226,Belief Propagation
227,Mean Field Approximation
228,Dirichlet Processes
229,Hilbert Space
230,KKT conditions
231,Lagrange duality
232,Markov chains
233,Unsupervised learning
234,Meta-Learning
235,Mixture Models
236,Manifold Learning
237,AlphaGo
238,Autoencoders
239,"Restricted Boltzmann machine, deep belief networks"
240,Principal Component Analysis
241,Sampling
242,Canonical Correlation Analysis
243,Sequence to sequence
244,ResNet
245,Naive Bayes
